PatientId,healed,Hospitalclass,Name,Sex,Age
1,0,3,"Alfred, Mr. Abraham",male,22
2,1,1,"Addison, Mrs. Abramson",female,38
3,1,3,"Alma, Miss. Adam",female,26
4,1,1,"Alvina, Mrs. Albertson",female,35
5,0,3,"Almond, Mr. Arrington",male,35
6,0,3,"Alston, Mr. Aston",male,
7,0,1,"Alvin, Mr. Barton",male,54
8,0,3,"Arden, Master. Chester",male,2
9,1,3,"Amanda, Mrs. Norman",female,27
10,1,2,"Angela, Mrs. Norris",female,14
11,1,3,"Antonia, Miss. Oliver",female,4
12,1,1,"Barbara, Miss. Palmer",female,58
13,0,3,"Benton, Mr. Patterson",male,20
14,0,3,"Brand, Mr. Peny",male,39
15,0,3,"Camelia, Miss. Odel",female,14
16,1,2,"Clara, Mrs. Park",female,55
17,0,3,"Colvin, Master. Simmons",male,2
18,1,2,"Cooper, Mr. Philip",male,
19,0,3,"Darla, Mrs. Spence",female,31
20,1,3,"Diana, Mrs. Steffen",female,
21,0,2,"Denver, Mr. Tifft",male,35
